"STATION","NAME","DATE","AWND","PGTM","PRCP","SNOW","TAVG","TMAX","TMIN","WDF2","WDF5","WSF2","WSF5","WT01","WT03","WT04","WT08"
"USW00094741","TETERBORO AIRPORT, NJ US","2019-08-20","4.92"," 1529","0.00",,,"90","73","  180","  150","14.1","21.9",,,,
"USW00094741","TETERBORO AIRPORT, NJ US","2019-08-21","6.71"," 1658","0.03",,,"90","76","  250","  240","17.0","25.9",,,,
"USW00094741","TETERBORO AIRPORT, NJ US","2019-08-22","6.26"," 1925","0.88",,,"92","71","  290","  320","19.9","29.1",,,,
"USW00094741","TETERBORO AIRPORT, NJ US","2019-08-23","4.03"," 0153","0.38",,,"76","65","  330","  330","14.1","17.0",,,,
"USW00094741","TETERBORO AIRPORT, NJ US","2019-08-24","5.82"," 1156","0.00",,,"78","62","  320","  330","14.1","19.0",,,,
"USW00094741","TETERBORO AIRPORT, NJ US","2019-08-25","8.50"," 1657","0.00",,,"78","62","  100","  100","15.0","23.9",,,,
"USW00094741","TETERBORO AIRPORT, NJ US","2019-08-26","5.37"," 1419","0.00",,,"75","59","  110","  120","15.0","21.0",,,,
"USW00094741","TETERBORO AIRPORT, NJ US","2019-08-27","5.14"," 1533","0.00",,,"78","59","  200","  150","14.1","23.9",,,,
"USW00094741","TETERBORO AIRPORT, NJ US","2019-08-28","3.80"," 0923","0.02",,,"77","66","  110","   80","12.1","15.0",,,,
"USW00094741","TETERBORO AIRPORT, NJ US","2019-08-29","7.61"," 1618","0.00",,,"84","65","  320","  320","19.9","23.9",,,,
"USW00094741","TETERBORO AIRPORT, NJ US","2019-08-30","6.71"," 1456","0.00",,,"89","60","  270","  250","19.9","28.0",,,,
"USW00094741","TETERBORO AIRPORT, NJ US","2019-08-31","4.70"," 0816","0.00",,,"83","67","  330","   30","12.1","16.1",,,,
"USW00094741","TETERBORO AIRPORT, NJ US","2019-09-01","6.49"," 1218","0.00",,,"83","61","  170","  110","14.1","23.9",,,,
"USW00094741","TETERBORO AIRPORT, NJ US","2019-09-02","6.93"," 1208","0.27",,,"87","69","  180","  180","18.1","23.9",,,,
"USW00094741","TETERBORO AIRPORT, NJ US","2019-09-03","4.70"," 1415","0.00",,,"84","67","  120","  130","14.1","23.9",,,,
"USW00094741","TETERBORO AIRPORT, NJ US","2019-09-04","7.61"," 1441","0.00",,,"94","64","  240","  270","19.9","25.9","    1","    1",,"    1"
"USW00094741","TETERBORO AIRPORT, NJ US","2019-09-05","5.14"," 0558","0.00",,,"75","64","   60","   30","10.1","15.0",,,,
"USW00094741","TETERBORO AIRPORT, NJ US","2019-09-06","8.28"," 1255","0.05",,,"68","59","   40","   70","15.0","25.9",,,,
"USW00094741","TETERBORO AIRPORT, NJ US","2019-09-07","8.05"," 1600","0.01",,,"78","56","  280","  280","17.0","23.9",,,,
"USW00094741","TETERBORO AIRPORT, NJ US","2019-09-08","4.70"," 1124","0.00",,,"81","58","  250","  240","13.0","21.0",,,,
"USW00094741","TETERBORO AIRPORT, NJ US","2019-09-09","4.70"," 1322","0.00",,,"79","63","  170","  110","10.1","15.0",,,,
"USW00094741","TETERBORO AIRPORT, NJ US","2019-09-10","5.82"," 0916","0.02",,,"86","65","  160","  130","16.1","25.1",,,,
"USW00094741","TETERBORO AIRPORT, NJ US","2019-09-11","8.50"," 1132","0.00",,,"93","68","  220","  230","16.1","19.9",,,,
"USW00094741","TETERBORO AIRPORT, NJ US","2019-09-12","6.49"," 1615","0.10",,,"81","63","   10","   10","14.1","18.1",,,,
"USW00094741","TETERBORO AIRPORT, NJ US","2019-09-13","8.28"," 1636","0.00",,,"75","57","  130","  130","18.1","33.1",,,,
"USW00094741","TETERBORO AIRPORT, NJ US","2019-09-14","5.82"," 1514","0.00",,,"79","62","  160","  120","15.0","30.0",,,,
"USW00094741","TETERBORO AIRPORT, NJ US","2019-09-15","3.58"," 1504","0.00",,,"85","64","  280","  310","13.0","18.1","    1",,,
"USW00094741","TETERBORO AIRPORT, NJ US","2019-09-16","2.91"," 1154","0.00",,,"78","65","   60","   60","8.9","12.1",,,,
"USW00094741","TETERBORO AIRPORT, NJ US","2019-09-17","6.04"," 1607","0.00",,,"78","59","   40","   20","14.1","19.0",,,,
"USW00094741","TETERBORO AIRPORT, NJ US","2019-09-18","6.71"," 1345","0.00",,,"73","56","  110","   20","14.1","18.1",,,,
"USW00094741","TETERBORO AIRPORT, NJ US","2019-09-19","4.25"," 1307","0.00",,,"78","47","  150","  150","14.1","23.0",,,,
"USW00094741","TETERBORO AIRPORT, NJ US","2019-09-20","3.58"," 1026","0.00",,,"82","49","  330","  310","15.0","19.9",,,,
"USW00094741","TETERBORO AIRPORT, NJ US","2019-09-21","2.46"," 1803","0.00",,,"86","54","  150","  140","8.9","13.0",,,,
"USW00094741","TETERBORO AIRPORT, NJ US","2019-09-22","5.59"," 1600","0.00",,,"92","59","  160","  160","21.0","36.0","    1",,,
"USW00094741","TETERBORO AIRPORT, NJ US","2019-09-23","8.95"," 1440","0.07",,,"92","70","  230","  220","21.0","25.9",,,,
"USW00094741","TETERBORO AIRPORT, NJ US","2019-09-24","8.72"," 1343","0.00",,,"78","60","  280","  270","19.9","25.9",,,,
"USW00094741","TETERBORO AIRPORT, NJ US","2019-09-25","4.47"," 1127","0.00",,,"82","56","  300","  280","18.1","21.0",,,,
"USW00094741","TETERBORO AIRPORT, NJ US","2019-09-26","5.59"," 1203","0.03",,,"86","57","  320","  140","21.0","29.1",,,,
"USW00094741","TETERBORO AIRPORT, NJ US","2019-09-27","4.03"," 1524","0.00",,,"79","55","  180","  180","14.1","19.0",,,,
"USW00094741","TETERBORO AIRPORT, NJ US","2019-09-28","5.59"," 1333","0.00",,,"88","60","  210","  220","17.0","21.0",,,,
"USW00094741","TETERBORO AIRPORT, NJ US","2019-09-29","7.16"," 1239","0.00",,,"80","63","   30","   50","14.1","19.0",,,,
"USW00094741","TETERBORO AIRPORT, NJ US","2019-09-30","6.93"," 1630","0.00",,,"71","60","  210","  130","13.0","19.9",,,,
"USW00094741","TETERBORO AIRPORT, NJ US","2019-10-01","9.17"," 1539","0.00",,,"86","63","  220","  230","16.1","19.0",,,,
"USW00094741","TETERBORO AIRPORT, NJ US","2019-10-02","8.72"," 1348","0.05",,,"95","63","  250","  250","21.9","30.0",,,,
"USW00094741","TETERBORO AIRPORT, NJ US","2019-10-03","5.82"," 0005","0.34",,,"64","53","   10","   20","14.1","19.9",,,,
"USW00094741","TETERBORO AIRPORT, NJ US","2019-10-04","9.62"," 1135","0.00",,,"67","49","  310","  300","23.0","31.1",,,,
"USW00094741","TETERBORO AIRPORT, NJ US","2019-10-05","5.59"," 1328","0.00",,,"61","44","  210","  170","12.1","17.0",,,,
"USW00094741","TETERBORO AIRPORT, NJ US","2019-10-06","7.61"," 1258","0.00",,,"75","54","  170","  160","17.0","30.0",,,,
"USW00094741","TETERBORO AIRPORT, NJ US","2019-10-07","10.29"," 1040","0.35",,,"80","60","  210","  200","25.1","31.1",,,,
"USW00094741","TETERBORO AIRPORT, NJ US","2019-10-08","6.26"," 1111","0.04",,,"65","58","   20","   10","13.0","19.9",,,,
"USW00094741","TETERBORO AIRPORT, NJ US","2019-10-09","8.50"," 0947","0.54",,,"59","53","   60","   60","17.0","25.9",,,,
"USW00094741","TETERBORO AIRPORT, NJ US","2019-10-10","10.96"," 1947","0.00",,,"72","53","   10","  360","18.1","27.1",,,,
"USW00094741","TETERBORO AIRPORT, NJ US","2019-10-11","10.51"," 1104","0.00",,,"66","55","   40","   20","17.0","25.9",,,,
"USW00094741","TETERBORO AIRPORT, NJ US","2019-10-12","4.92"," 0001","0.00",,,"71","56","   30","   30","13.0","16.1",,,,
"USW00094741","TETERBORO AIRPORT, NJ US","2019-10-13","4.70"," 1359","0.00",,,"76","49","  200","  170","13.0","19.0",,,,
"USW00094741","TETERBORO AIRPORT, NJ US","2019-10-14","5.14"," 1459","0.00",,,"75","57","  240","  260","17.0","25.1",,,,
"USW00094741","TETERBORO AIRPORT, NJ US","2019-10-15","3.13"," 1339","0.00",,,"70","46","  160","  130","10.1","19.0",,,,
"USW00094741","TETERBORO AIRPORT, NJ US","2019-10-16","9.62"," 2211","2.34",,,"70","47","  310","  310","32.0","42.9",,,,
"USW00094741","TETERBORO AIRPORT, NJ US","2019-10-17","16.11"," 1313","0.00",,,"59","51","  270","  260","30.0","42.9",,,,
"USW00094741","TETERBORO AIRPORT, NJ US","2019-10-18","12.08"," 1423","0.00",,,"59","44","  310","  310","23.0","31.1",,,,
"USW00094741","TETERBORO AIRPORT, NJ US","2019-10-19","2.01"," 1428","0.00",,,"63","37","  190","  130","12.1","21.9",,,,
"USW00094741","TETERBORO AIRPORT, NJ US","2019-10-20","3.80"," 2340","0.43",,,"57","41","   40","   50","8.1","13.0",,,,
"USW00094741","TETERBORO AIRPORT, NJ US","2019-10-21","5.37"," 1059","0.01",,,"70","50","  360","  350","12.1","16.1",,,,
"USW00094741","TETERBORO AIRPORT, NJ US","2019-10-22","6.26"," 1628","0.39",,,"66","52","  110","  120","14.1","18.1",,,,
"USW00094741","TETERBORO AIRPORT, NJ US","2019-10-23","7.61"," 1207","0.03",,,"68","47","  290","  290","19.9","25.1",,,,
"USW00094741","TETERBORO AIRPORT, NJ US","2019-10-24","5.37"," 1545","0.00",,,"69","42","  170","  170","15.0","21.9",,,,
"USW00094741","TETERBORO AIRPORT, NJ US","2019-10-25","3.13"," 1059","0.00",,,"69","45","  160","  140","12.1","21.9",,,,
"USW00094741","TETERBORO AIRPORT, NJ US","2019-10-26","4.03"," 1123","0.00",,,"64","50","   10","   10","10.1","16.1",,,,
"USW00094741","TETERBORO AIRPORT, NJ US","2019-10-27","7.38"," 0941","1.77",,,"70","52","  140","  130","21.9","33.1",,,,
"USW00094741","TETERBORO AIRPORT, NJ US","2019-10-28","4.03"," 0535","0.00",,,"64","51","  340","  340","14.1","18.1",,,,
"USW00094741","TETERBORO AIRPORT, NJ US","2019-10-29","4.92"," 0003","0.07",,,"61","55","  110","  110","8.9","13.0",,,,
"USW00094741","TETERBORO AIRPORT, NJ US","2019-10-30","3.80"," 1335","0.05",,,"65","58","  190","   60","6.9","8.9",,,,
"USW00094741","TETERBORO AIRPORT, NJ US","2019-10-31","13.20"," 2349","0.86",,,"77","62","  250","  260","32.0","44.1","    1",,,
"USW00094741","TETERBORO AIRPORT, NJ US","2019-11-01","12.75"," 0350","0.01",,,"64","41","  280","  290","32.0","40.0",,,,
"USW00094741","TETERBORO AIRPORT, NJ US","2019-11-02","3.58"," 1249","0.00",,,"53","36","  180","  180","13.0","16.1",,,,
"USW00094741","TETERBORO AIRPORT, NJ US","2019-11-03","4.92"," 1025","0.00",,,"55","35","  300","  320","15.0","19.9",,,,
"USW00094741","TETERBORO AIRPORT, NJ US","2019-11-04","5.14"," 1210","0.00",,,"57","35","  170","  130","17.0","23.9",,,,
"USW00094741","TETERBORO AIRPORT, NJ US","2019-11-05","3.80"," 1505","0.00",,,"63","41","  330","  250","13.0","17.0",,,,
"USW00094741","TETERBORO AIRPORT, NJ US","2019-11-06","4.70"," 1813","0.00",,,"58","38","  290","  190","14.1","18.1",,,,
"USW00094741","TETERBORO AIRPORT, NJ US","2019-11-07","7.38"," 2143","0.09",,,"58","40","  330","  310","16.1","21.0","    1",,,
"USW00094741","TETERBORO AIRPORT, NJ US","2019-11-08","12.53"," 1207","0.00",,,"41","28","  330","  340","23.9","34.0",,,,
"USW00094741","TETERBORO AIRPORT, NJ US","2019-11-09","3.58"," 1402","0.00",,,"40","22","  180","  220","13.0","17.0",,,,
"USW00094741","TETERBORO AIRPORT, NJ US","2019-11-10","4.92"," 1212","0.00",,,"52","31","  200","  170","15.0","21.9",,,,
"USW00094741","TETERBORO AIRPORT, NJ US","2019-11-11","2.91"," 1520","0.00",,,"71","39","  120","  160","13.0","18.1",,,"    1",
"USW00094741","TETERBORO AIRPORT, NJ US","2019-11-12","12.75"," 2103","0.02",,,"53","24","  330","  330","21.9","33.1",,,,
"USW00094741","TETERBORO AIRPORT, NJ US","2019-11-13","9.84"," 0936","0.00",,,"34","22","  320","  320","21.0","27.1",,,,
"USW00094741","TETERBORO AIRPORT, NJ US","2019-11-14","4.70"," 1342","0.00",,,"45","23","  190","  200","16.1","19.9",,,,
"USW00094741","TETERBORO AIRPORT, NJ US","2019-11-15","5.59"," 2353","0.00",,,"57","27","  330","  320","19.9","25.9",,,,
"USW00094741","TETERBORO AIRPORT, NJ US","2019-11-16","8.95"," 0543","0.00",,,"42","29","   20","   20","19.9","29.1",,,,
"USW00094741","TETERBORO AIRPORT, NJ US","2019-11-17","9.17"," 1129","0.00",,,"44","26","   40","   40","16.1","23.9",,,,
"USW00094741","TETERBORO AIRPORT, NJ US","2019-11-18","6.93"," 0227","0.49",,,"44","36","   20","   20","13.0","19.0","    1",,,
"USW00094741","TETERBORO AIRPORT, NJ US","2019-11-19","5.14"," 0903","0.16",,,"48","41","  320","  180","13.0","17.0",,,,
"USW00094741","TETERBORO AIRPORT, NJ US","2019-11-20","8.50"," 1507","0.00",,,"50","40","  330","  330","18.1","23.9",,,,
"USW00094741","TETERBORO AIRPORT, NJ US","2019-11-22","10.51"," 1542","0.06",,,"56","37","  310","  320","23.0","32.0",,,,
"USW00094741","TETERBORO AIRPORT, NJ US","2019-11-23","5.82"," 0843","0.03",,,"46","31","  310","  290","13.0","18.1",,,,
"USW00094741","TETERBORO AIRPORT, NJ US","2019-11-24","9.40"," 1523","0.86",,,"44","36","  310","  320","21.9","29.1",,,,
"USW00094741","TETERBORO AIRPORT, NJ US","2019-11-25","5.82"," 0448","0.00",,,"56","38","  190","  300","14.1","19.0",,,,
"USW00094741","TETERBORO AIRPORT, NJ US","2019-11-26","3.80"," 1442","0.00",,,"64","34","  190","  160","15.0","21.9",,,,
"USW00094741","TETERBORO AIRPORT, NJ US","2019-11-27","6.49"," 2343","0.00",,,"65","40","  300","  310","23.9","35.1",,,,
"USW00094741","TETERBORO AIRPORT, NJ US","2019-11-28","16.78"," 1308","0.00",,,"54","37","  320","  310","32.0","46.1",,,,
"USW00094741","TETERBORO AIRPORT, NJ US","2019-11-29","9.84"," 0011","0.00",,,"41","-51","  330","  340","19.9","27.1",,,,
"USW00094741","TETERBORO AIRPORT, NJ US","2019-11-30","6.26"," 0841","0.00",,,"82","-76","  360","  360","16.1","19.9",,,,
"USW00094741","TETERBORO AIRPORT, NJ US","2019-12-01","8.28"," 2138","0.64",,,"36","27","   50","   30","16.1","28.0","    1",,"    1",
"USW00094741","TETERBORO AIRPORT, NJ US","2019-12-02","10.51"," 0006","0.49",,,"36","32","  360","   50","17.0","23.9","    1",,"    1",
"USW00094741","TETERBORO AIRPORT, NJ US","2019-12-03","11.18"," 1307","0.02",,,"37","31","  320","  320","25.9","35.1","    1",,,
"USW00094741","TETERBORO AIRPORT, NJ US","2019-12-04","5.14"," 1307","0.00",,,"41","28","  220","  170","13.0","17.0",,,,
"USW00094741","TETERBORO AIRPORT, NJ US","2019-12-05","10.07"," 1051","0.00",,,"43","32","  310","  290","23.9","33.1",,,,
"USW00094741","TETERBORO AIRPORT, NJ US","2019-12-06","9.84"," 2012","0.00",,,"53","30","  330","  300","19.9","28.0",,,,
"USW00094741","TETERBORO AIRPORT, NJ US","2019-12-07","8.95"," 1106","0.00",,,"39","27","  310","  320","17.0","23.9",,,,
"USW00094741","TETERBORO AIRPORT, NJ US","2019-12-08","4.03"," 1243","0.00",,,"45","23","  170","  150","15.0","25.9",,,,
"USW00094741","TETERBORO AIRPORT, NJ US","2019-12-09","6.26"," 2308","1.23",,,"57","38","  230","  230","19.9","25.1","    1",,,
"USW00094741","TETERBORO AIRPORT, NJ US","2019-12-10","9.62"," 2205","0.10","0.5",,"61","40","  270","  280","21.0","31.1","    1",,,
"USW00094741","TETERBORO AIRPORT, NJ US","2019-12-11","7.61"," 2114","0.27",,,"40","31","  280","  300","18.1","23.9","    1",,"    1",
"USW00094741","TETERBORO AIRPORT, NJ US","2019-12-12","5.59"," 1639","0.00",,,"38","25","  350","  140","15.0","21.0",,,,
"USW00094741","TETERBORO AIRPORT, NJ US","2019-12-13","4.70"," 2347","0.67",,,"50","29","   50","   50","10.1","15.0",,,,
"USW00094741","TETERBORO AIRPORT, NJ US","2019-12-14","8.28"," 2018","0.81",,,"57","45","  240","  230","25.1","33.1",,,,
"USW00094741","TETERBORO AIRPORT, NJ US","2019-12-15","12.97"," 1328","0.00",,,"49","35","  290","  280","25.1","38.0",,,,
"USW00094741","TETERBORO AIRPORT, NJ US","2019-12-16","3.80"," 0051","0.07",,,"37","32","  320","  300","14.1","21.0",,,,
"USW00094741","TETERBORO AIRPORT, NJ US","2019-12-17","6.71"," 0927","0.89",,,"35","32","   60","   50","14.1","18.1",,,,
"USW00094741","TETERBORO AIRPORT, NJ US","2019-12-18","10.51"," 2328","0.02",,,"36","21","  310","  280","23.9","38.0",,,,
"USW00094741","TETERBORO AIRPORT, NJ US","2019-12-19","12.97"," 0227","0.00",,,"26","16","  310","  320","29.1","36.9",,,,
"USW00094741","TETERBORO AIRPORT, NJ US","2019-12-20","7.38"," 0708","0.00",,,"34","21","  320","  320","14.1","19.0",,,,
"USW00094741","TETERBORO AIRPORT, NJ US","2019-12-21","2.46"," 1307","0.00",,,"37","20","  160","  150","8.9","19.9",,,,
"USW00094741","TETERBORO AIRPORT, NJ US","2019-12-22","4.25"," 1045","0.00",,,"48","23","  130","  120","14.1","23.9",,,,
"USW00094741","TETERBORO AIRPORT, NJ US","2019-12-23","5.37"," 1518","0.00",,,"59","28","  200","  200","15.0","19.0",,,,
"USW00094741","TETERBORO AIRPORT, NJ US","2019-12-24","5.82"," 1207","0.00",,,"49","31","   20","   10","15.0","21.9",,,,
"USW00094741","TETERBORO AIRPORT, NJ US","2019-12-25","2.01"," 1836","0.00",,,"46","26","  200","  160","12.1","15.0",,,,
"USW00094741","TETERBORO AIRPORT, NJ US","2019-12-26","4.70"," 1506","0.00",,,"45","32","   60","  100","8.9","12.1",,,,
"USW00094741","TETERBORO AIRPORT, NJ US","2019-12-27","5.14"," 1211","0.00",,,"55","40","  220","  210","16.1","19.9",,,,
"USW00094741","TETERBORO AIRPORT, NJ US","2019-12-28","3.13"," 1117","0.00",,,"51","32","  360","  360","15.0","19.0",,,,
"USW00094741","TETERBORO AIRPORT, NJ US","2019-12-29","3.13"," 2040","0.24",,,"44","29","   60","   70","8.1","11.0",,,,
"USW00094741","TETERBORO AIRPORT, NJ US","2019-12-30","11.41"," 1226","0.67",,,"51","38","   80","   90","23.9","36.0",,,,
"USW00094741","TETERBORO AIRPORT, NJ US","2019-12-31","6.93"," 2302","0.01",,,"46","38","  280","  290","17.0","23.9",,,,
"USW00094741","TETERBORO AIRPORT, NJ US","2020-01-01","10.29"," 1052","0.00",,,"41","30","  300","  280","21.9","27.1",,,,
"USW00094741","TETERBORO AIRPORT, NJ US","2020-01-02","4.92"," 1415","0.00",,,"50","28","  220","  220","16.1","19.9",,,,
"USW00094741","TETERBORO AIRPORT, NJ US","2020-01-03","3.58"," 1517","0.15",,,"51","42","  160","  150","12.1","17.0",,,,
"USW00094741","TETERBORO AIRPORT, NJ US","2020-01-04","4.70"," 2334","0.34",,,"54","42","  320","  330","19.9","25.9",,,,
"USW00094741","TETERBORO AIRPORT, NJ US","2020-01-05","14.76"," 0410","0.00",,,"44","33","  330","  310","30.0","40.9",,,,
"USW00094741","TETERBORO AIRPORT, NJ US","2020-01-06","7.38"," 1458","0.03",,,"46","31","  270","  260","17.0","23.9",,,,
"USW00094741","TETERBORO AIRPORT, NJ US","2020-01-07","4.92"," 0836","0.00",,,"45","32","  290","  230","12.1","15.0",,,,
"USW00094741","TETERBORO AIRPORT, NJ US","2020-01-08","12.30"," 1507","0.00",,,"44","28","  310","  310","31.1","38.9",,,,
"USW00094741","TETERBORO AIRPORT, NJ US","2020-01-09","6.49"," 0048","0.00",,,"36","23","  300","  330","21.9","30.0",,,,
"USW00094741","TETERBORO AIRPORT, NJ US","2020-01-10","8.50"," 1340","0.00",,,"59","31","  230","  220","17.0","23.0",,,,
"USW00094741","TETERBORO AIRPORT, NJ US","2020-01-11","10.96"," 1310","0.00",,,"70","46","  210","  220","28.0","36.0",,,,
"USW00094741","TETERBORO AIRPORT, NJ US","2020-01-12","13.87"," 1022","0.04",,,"69","42","  240","  230","32.0","38.9","    1",,,
"USW00094741","TETERBORO AIRPORT, NJ US","2020-01-13","4.47"," 0106","0.00",,,"48","36","   30","   20","13.0","18.1",,,,
"USW00094741","TETERBORO AIRPORT, NJ US","2020-01-14","3.58"," 1304","0.06",,,"46","37","  110","  120","8.9","12.1",,,,
"USW00094741","TETERBORO AIRPORT, NJ US","2020-01-15","3.80"," 0949","0.00",,,"53","40","  310","  280","14.1","18.1",,,,
"USW00094741","TETERBORO AIRPORT, NJ US","2020-01-16","14.32"," 1410","0.04",,,"51","34","  300","  310","33.1","48.1",,,,
"USW00094741","TETERBORO AIRPORT, NJ US","2020-01-17","14.32"," 0348","0.00",,,"34","21","  330","  320","31.1","42.9",,,,
"USW00094741","TETERBORO AIRPORT, NJ US","2020-01-18","6.71"," 1242","0.32",,,"37","20","  230","  230","21.0","25.9","    1",,"    1",
"USW00094741","TETERBORO AIRPORT, NJ US","2020-01-19","12.08"," 2226","0.00",,,"45","28","  330","  320","21.0","30.0",,,,
"USW00094741","TETERBORO AIRPORT, NJ US","2020-01-20","11.63"," 0238","0.00",,,"33","21","  320","  320","23.0","33.1",,,,
"USW00094741","TETERBORO AIRPORT, NJ US","2020-01-21","5.37"," 0013","0.00",,,"35","19","  330","  330","14.1","19.0",,,,"    1"
"USW00094741","TETERBORO AIRPORT, NJ US","2020-01-22","1.12"," 1122","0.00",,,"41","21","  290","  130","6.9","12.1",,,,
"USW00094741","TETERBORO AIRPORT, NJ US","2020-01-23","1.79"," 1717","0.00",,,"51","23","  180","  160","8.1","16.1",,,,
"USW00094741","TETERBORO AIRPORT, NJ US","2020-01-24","3.58"," 2359","0.00",,,"53","31","  100","   50","8.9","15.0",,,,
"USW00094741","TETERBORO AIRPORT, NJ US","2020-01-25","7.83"," 1151","1.43",,,"52","38","   80","   70","23.0","34.0",,,,
"USW00094741","TETERBORO AIRPORT, NJ US","2020-01-26","7.83"," 1116","0.00",,,"48","33","  270","  280","19.9","25.9",,,,
"USW00094741","TETERBORO AIRPORT, NJ US","2020-01-27","9.62"," 1621","0.00",,,"46","36","  310","  320","17.0","21.9",,,,
"USW00094741","TETERBORO AIRPORT, NJ US","2020-01-28","12.97"," 1039","0.00",,,"44","36","  330","  300","18.1","23.9",,,,
"USW00094741","TETERBORO AIRPORT, NJ US","2020-01-29","9.62"," 0030","0.00",,,"41","29","  320","  300","17.0","23.9",,,,
"USW00094741","TETERBORO AIRPORT, NJ US","2020-01-30","3.80"," 0238","0.00",,,"39","23","   30","   10","12.1","17.0",,,,
"USW00094741","TETERBORO AIRPORT, NJ US","2020-01-31","3.58"," 1655","0.01",,,"45","28","  140","  140","8.1","13.0",,,,
"USW00094741","TETERBORO AIRPORT, NJ US","2020-02-01","2.91"," 1947","0.00",,,"43","35","  290","  350","6.9","8.9",,,,
"USW00094741","TETERBORO AIRPORT, NJ US","2020-02-02","6.71"," 1644","0.07",,,"44","33","  230","  240","18.1","21.9",,,,
"USW00094741","TETERBORO AIRPORT, NJ US","2020-02-03","5.82"," 1022","0.00",,,"57","34","  250","  300","16.1","19.9",,,,
"USW00094741","TETERBORO AIRPORT, NJ US","2020-02-04","4.03"," 1547","0.00",,,"61","39","  340","  270","12.1","15.0",,,,
"USW00094741","TETERBORO AIRPORT, NJ US","2020-02-05","6.71"," 0201","0.00",,,"51","39","   20","   20","16.1","21.9",,,,
"USW00094741","TETERBORO AIRPORT, NJ US","2020-02-06","4.92"," 1942","0.45",,,"43","35","  120","  120","17.0","23.9",,,,
"USW00094741","TETERBORO AIRPORT, NJ US","2020-02-07","12.08"," 1508","0.24",,,"59","32","  290","  290","33.1","47.0",,,,
"USW00094741","TETERBORO AIRPORT, NJ US","2020-02-08","9.62"," 0202","0.00",,,"40","28","  290","  310","21.9","35.1",,,,
"USW00094741","TETERBORO AIRPORT, NJ US","2020-02-09","4.92"," 1423","0.00",,,"42","28","  120","  120","8.9","13.0",,,,
"USW00094741","TETERBORO AIRPORT, NJ US","2020-02-10","8.28"," 1020","0.31",,,"47","39","  220","  210","19.9","25.9","    1",,,
"USW00094741","TETERBORO AIRPORT, NJ US","2020-02-11","4.47"," 2320","0.30",,,"48","42","  320","  310","18.1","25.1","    1",,,
"USW00094741","TETERBORO AIRPORT, NJ US","2020-02-12","9.40"," 0225","0.12",,,"48","35","  310","  310","21.0","29.1",,,,
"USW00094741","TETERBORO AIRPORT, NJ US","2020-02-13","5.37"," 1943","0.49",,,"48","35","  310","  310","21.9","29.1",,,,
"USW00094741","TETERBORO AIRPORT, NJ US","2020-02-14","13.20"," 0916","0.00",,,"38","17","  310","  310","25.1","35.1",,,,
"USW00094741","TETERBORO AIRPORT, NJ US","2020-02-15","7.16"," 1330","0.00",,,"32","12","  170","  170","16.1","23.0",,,,
"USW00094741","TETERBORO AIRPORT, NJ US","2020-02-16","5.82"," 0050","0.00",,,"43","27","  210","  200","13.0","15.0",,,,
"USW00094741","TETERBORO AIRPORT, NJ US","2020-02-17","3.36"," 1405","0.00",,,"51","28","  330","  300","13.0","18.1",,,,
"USW00094741","TETERBORO AIRPORT, NJ US","2020-02-18","5.59"," 1422","0.00",,,"47","36","  100","  130","12.1","17.0",,,,
"USW00094741","TETERBORO AIRPORT, NJ US","2020-02-19","10.51"," 1138","0.00",,,"48","31","  320","  310","23.0","32.0",,,,
"USW00094741","TETERBORO AIRPORT, NJ US","2020-02-20","8.95"," 0235","0.00",,,"35","24","  320","  330","16.1","21.9",,,,
"USW00094741","TETERBORO AIRPORT, NJ US","2020-02-21","7.61"," 0149","0.00",,,"35","19","  350","  330","16.1","25.1",,,,
"USW00094741","TETERBORO AIRPORT, NJ US","2020-02-22","6.93"," 1245","0.00",,,"51","23","  230","  290","17.0","23.0",,,,
"USW00094741","TETERBORO AIRPORT, NJ US","2020-02-23","5.59"," 1409","0.00",,,"56","24","  240","  220","17.0","23.9",,,,"    1"
"USW00094741","TETERBORO AIRPORT, NJ US","2020-02-24","3.80"," 1451","0.00",,,"61","31","  160","  150","16.1","21.9",,,,
"USW00094741","TETERBORO AIRPORT, NJ US","2020-02-25","3.58"," 1056","0.12",,,"52","43","  180","  160","10.1","17.0",,,,
"USW00094741","TETERBORO AIRPORT, NJ US","2020-02-26","6.26"," 2111","0.02",,,"47","43","  110","   90","15.0","19.9",,,,
"USW00094741","TETERBORO AIRPORT, NJ US","2020-02-27","16.55"," 1409","0.32",,,"43","29","  280","  280","35.1","51.0",,,,
"USW00094741","TETERBORO AIRPORT, NJ US","2020-02-28","13.65"," 1117","0.00",,,"40","27","  270","  280","25.9","33.1",,,,
"USW00094741","TETERBORO AIRPORT, NJ US","2020-02-29","12.08"," 1712","0.00",,,"35","24","  310","  320","23.0","32.0",,,,
"USW00094741","TETERBORO AIRPORT, NJ US","2020-03-01","7.16"," 1409","0.00",,,"44","23","  300","  300","21.0","28.0",,,,
"USW00094741","TETERBORO AIRPORT, NJ US","2020-03-02","8.05"," 1841","0.00",,,"61","27","  210","  200","23.0","29.1",,,,
"USW00094741","TETERBORO AIRPORT, NJ US","2020-03-03","7.38"," 2324","0.30",,,"59","43","  310","  320","28.0","38.9",,,,
"USW00094741","TETERBORO AIRPORT, NJ US","2020-03-04","13.42"," 0851","0.00",,,"57","43","  280","  250","25.1","38.0",,,,
"USW00094741","TETERBORO AIRPORT, NJ US","2020-03-05","6.93"," 1001","0.00",,,"55","37","  350","  320","16.1","23.9",,,,
"USW00094741","TETERBORO AIRPORT, NJ US","2020-03-06","6.49"," 1543","0.38",,,"44","35","  350","   30","15.0","19.0",,,,
"USW00094741","TETERBORO AIRPORT, NJ US","2020-03-07","11.86"," 1153","0.00",,,"48","35","  360","  350","23.0","32.0",,,,
"USW00094741","TETERBORO AIRPORT, NJ US","2020-03-08","7.61"," 1346","0.00",,,"59","29","  220","  220","17.0","23.9",,,,
"USW00094741","TETERBORO AIRPORT, NJ US","2020-03-09","8.72"," 1600","0.00",,,"71","36","  230","  220","21.9","30.0",,,,
"USW00094741","TETERBORO AIRPORT, NJ US","2020-03-10","10.96"," 1213","0.00",,,"66","46","  230","  240","29.1","36.0",,,,
"USW00094741","TETERBORO AIRPORT, NJ US","2020-03-11","5.82"," 0002","0.00",,,"55","41","  310","  320","19.9","29.1",,,,
"USW00094741","TETERBORO AIRPORT, NJ US","2020-03-12","5.14"," 1531","0.05",,,"51","37","  130","  130","18.1","25.1",,,,
"USW00094741","TETERBORO AIRPORT, NJ US","2020-03-13","10.96"," 1633","0.26",,,"72","43","  270","  270","29.1","40.9",,,,
"USW00094741","TETERBORO AIRPORT, NJ US","2020-03-14","10.51"," 0105","0.00",,,"55","40","  310","  320","21.9","28.0",,,,
"USW00094741","TETERBORO AIRPORT, NJ US","2020-03-15","5.82"," 1504","0.00",,,"54","39","   20","  280","13.0","23.0",,,,
"USW00094741","TETERBORO AIRPORT, NJ US","2020-03-16","8.50"," 1644","0.00",,,"44","30","  120","  130","17.0","32.0",,,,
"USW00094741","TETERBORO AIRPORT, NJ US","2020-03-17","6.26"," 1606","0.15",,,"55","41","  290","  280","17.0","21.9",,,,
"USW00094741","TETERBORO AIRPORT, NJ US","2020-03-18","6.26"," 1311","0.00",,,"53","36","  190","  120","15.0","19.9",,,,
"USW00094741","TETERBORO AIRPORT, NJ US","2020-03-19","4.25"," 1112","0.88",,,"51","40","   10","   20","10.1","14.1",,,,
"USW00094741","TETERBORO AIRPORT, NJ US","2020-03-20","8.50"," 1749","0.00",,,"77","46","  270","  260","21.9","31.1",,,,
"USW00094741","TETERBORO AIRPORT, NJ US","2020-03-21","10.29"," 0333","0.00",,,"62","39","  330","  330","25.1","33.1",,,,
"USW00094741","TETERBORO AIRPORT, NJ US","2020-03-22","9.40"," 2142","0.00",,,"43","32","  130","  130","16.1","21.0",,,,
"USW00094741","TETERBORO AIRPORT, NJ US","2020-03-23","9.62"," 1745","0.93",,,"40","34","  330","  320","19.9","25.9","    1",,,
"USW00094741","TETERBORO AIRPORT, NJ US","2020-03-24","6.71"," 0812","0.00",,,"55","35","  350","  330","16.1","23.0",,,,
"USW00094741","TETERBORO AIRPORT, NJ US","2020-03-25","8.95"," 1555","0.00",,,"46","37","   80","   70","17.0","27.1",,,,
"USW00094741","TETERBORO AIRPORT, NJ US","2020-03-26","5.14"," 1641","0.00",,,"60","32","  200","  200","16.1","21.9",,,,
"USW00094741","TETERBORO AIRPORT, NJ US","2020-03-27","6.93"," 1223","0.00",,,"68","49","  320","  330","16.1","21.0",,,,
"USW00094741","TETERBORO AIRPORT, NJ US","2020-03-28","5.82"," 2110","0.45",,,"52","43","   70","   70","13.0","18.1",,,,
"USW00094741","TETERBORO AIRPORT, NJ US","2020-03-29","8.95"," 1408","0.02",,,"48","45","   70","   60","16.1","23.9",,,,
"USW00094741","TETERBORO AIRPORT, NJ US","2020-03-30","4.47"," 1937","0.09",,,"51","42","  360","  340","13.0","16.1",,,,
"USW00094741","TETERBORO AIRPORT, NJ US","2020-03-31","5.14"," 0627","0.05",,,"49","40","  110","   40","10.1","13.0",,,,
"USW00094741","TETERBORO AIRPORT, NJ US","2020-04-01","8.95"," 1454","0.00",,,"54","38","  330","  310","16.1","25.9",,,,
"USW00094741","TETERBORO AIRPORT, NJ US","2020-04-02","16.11"," 1500","0.00",,,"58","37","  330","  310","28.0","40.0",,,,
"USW00094741","TETERBORO AIRPORT, NJ US","2020-04-03","12.30"," 0054","0.09",,,"52","45","  360","  340","21.9","32.0",,,,
"USW00094741","TETERBORO AIRPORT, NJ US","2020-04-04","6.04"," 0411","0.00",,,"63","46","   20","   30","13.0","19.0",,,,
"USW00094741","TETERBORO AIRPORT, NJ US","2020-04-05","3.13"," 1349","0.00",,,"63","46","  200","  170","13.0","17.0",,,,
"USW00094741","TETERBORO AIRPORT, NJ US","2020-04-06","5.37"," 1613","0.03",,,"66","46","  310","  270","15.0","21.0",,,,
"USW00094741","TETERBORO AIRPORT, NJ US","2020-04-07","6.71"," 1442","0.00",,,"67","49","  190","  190","18.1","25.9",,,,
"USW00094741","TETERBORO AIRPORT, NJ US","2020-04-08","6.93"," 1621","0.16",,,"65","48","  330","  310","15.0","23.0",,,,
"USW00094741","TETERBORO AIRPORT, NJ US","2020-04-09","11.63"," 1334","0.09",,,"59","41","  310","  290","30.0","42.1",,,,
"USW00094741","TETERBORO AIRPORT, NJ US","2020-04-10","17.45"," 1357","0.04",,,"48","37","  310","  310","29.1","44.1",,,,
"USW00094741","TETERBORO AIRPORT, NJ US","2020-04-11","10.51"," 1427","0.00",,,"55","36","  240","  250","21.9","27.1",,,,
"USW00094741","TETERBORO AIRPORT, NJ US","2020-04-12","6.71"," 1147","0.00",,,"63","33","  180","  180","17.0","23.9",,,,
"USW00094741","TETERBORO AIRPORT, NJ US","2020-04-13","16.33"," 0957","1.81",,,"67","54","  170","  180","32.0","49.0","    1",,,
"USW00094741","TETERBORO AIRPORT, NJ US","2020-04-14","9.40"," 0042","0.00",,,"58","44","  320","  340","18.1","27.1",,,,
"USW00094741","TETERBORO AIRPORT, NJ US","2020-04-15","10.07"," 0010","0.00",,,"52","41","  310","  300","19.9","27.1",,,,
"USW00094741","TETERBORO AIRPORT, NJ US","2020-04-16","12.08"," 1257","0.00",,,"47","34","  270","  280","25.9","32.0",,,,
"USW00094741","TETERBORO AIRPORT, NJ US","2020-04-17","7.38"," 1446","0.11",,,"50","30","  240","  230","23.0","30.0",,,,
"USW00094741","TETERBORO AIRPORT, NJ US","2020-04-18","6.49"," 1549","0.31",,,"47","37","  310","  350","18.1","25.9",,,,
"USW00094741","TETERBORO AIRPORT, NJ US","2020-04-19","11.63"," 1348","0.00",,,"62","33","  220","  210","25.1","30.0",,,,
"USW00094741","TETERBORO AIRPORT, NJ US","2020-04-20","6.04"," 1208","0.00",,,"55","42","  360","   20","15.0","19.0",,,,
"USW00094741","TETERBORO AIRPORT, NJ US","2020-04-21","10.96"," 1322","0.22",,,"59","37","  280","  280","30.0","42.1",,,,
"USW00094741","TETERBORO AIRPORT, NJ US","2020-04-22","12.97"," 1429","0.00",,,"50","34","  320","  270","25.9","35.1",,,,
"USW00094741","TETERBORO AIRPORT, NJ US","2020-04-23","3.58"," 1748","0.12",,,"50","36","  190","  120","10.1","15.0",,,,
"USW00094741","TETERBORO AIRPORT, NJ US","2020-04-24","6.04"," 1344","0.49",,,"50","41","   20","   10","13.0","17.0",,,,
"USW00094741","TETERBORO AIRPORT, NJ US","2020-04-25","4.25"," 1705","0.00",,,"63","36","  180","  170","14.1","18.1",,,,
"USW00094741","TETERBORO AIRPORT, NJ US","2020-04-26","8.72"," 1414","0.13",,,"50","41","   60","  100","19.9","32.0",,,,
"USW00094741","TETERBORO AIRPORT, NJ US","2020-04-27","10.51"," 1512","0.00",,,"50","39","  350","  360","19.9","27.1","    1",,,"    1"
"USW00094741","TETERBORO AIRPORT, NJ US","2020-04-28","6.26"," 1310","0.00",,,"66","38","  300","  270","18.1","29.1",,,,
"USW00094741","TETERBORO AIRPORT, NJ US","2020-04-29","8.50"," 1903","0.02",,,"56","46","  110","  100","16.1","23.0",,,,
"USW00094741","TETERBORO AIRPORT, NJ US","2020-04-30","14.32"," 1910","0.88",,,"62","48","  160","  120","30.0","45.0",,,,
"USW00094741","TETERBORO AIRPORT, NJ US","2020-05-01","7.38"," 2209","0.28",,,"68","54","  320","  350","17.0","23.0",,,,
"USW00094741","TETERBORO AIRPORT, NJ US","2020-05-02","10.51"," 0010","0.00",,,"73","50","  320","  310","23.0","30.0",,,,
"USW00094741","TETERBORO AIRPORT, NJ US","2020-05-03","8.95"," 1251","0.05",,,"80","54","  260","  280","16.1","27.1",,,,
"USW00094741","TETERBORO AIRPORT, NJ US","2020-05-04","11.41"," 1435","0.00",,,"71","48","  310","  310","30.0","40.9",,,,
"USW00094741","TETERBORO AIRPORT, NJ US","2020-05-05","7.83"," 0808","0.00",,,"63","44","  320","  320","18.1","25.9",,,,
"USW00094741","TETERBORO AIRPORT, NJ US","2020-05-06","6.71"," 0440","0.03",,,"52","45","   60","   90","15.0","21.0",,,,
"USW00094741","TETERBORO AIRPORT, NJ US","2020-05-07","8.72"," 2210","0.00",,,"66","43","  280","  270","32.0","42.1",,,,
"USW00094741","TETERBORO AIRPORT, NJ US","2020-05-08","5.59"," 2239","0.50",,,"54","36","  320","  310","25.1","31.1",,,,
"USW00094741","TETERBORO AIRPORT, NJ US","2020-05-09","15.88"," 1602","0.03",,,"48","33","  310","  290","29.1","48.1",,,,
"USW00094741","TETERBORO AIRPORT, NJ US","2020-05-10","11.63"," 1259","0.00",,,"64","34","  230","  240","23.0","31.1",,,,
"USW00094741","TETERBORO AIRPORT, NJ US","2020-05-11","8.28"," 1555","0.10",,,"61","42","  270","  260","33.1","42.1",,,,
"USW00094741","TETERBORO AIRPORT, NJ US","2020-05-12","12.08"," 1442","0.00",,,"59","40","  320","  310","23.9","36.0",,,,
"USW00094741","TETERBORO AIRPORT, NJ US","2020-05-13","6.49"," 1614","0.00",,,"64","38","  270","  320","18.1","25.9",,,,
"USW00094741","TETERBORO AIRPORT, NJ US","2020-05-14","5.37"," 1235","0.00",,,"66","39","  150","  190","15.0","19.9",,,,
"USW00094741","TETERBORO AIRPORT, NJ US","2020-05-15","9.17"," 1831","0.09",,,"85","58","  220","  240","28.0","36.0",,,,
"USW00094741","TETERBORO AIRPORT, NJ US","2020-05-16","7.16"," 0719","0.00",,,"78","60","  160","  350","16.1","23.9",,,,
"USW00094741","TETERBORO AIRPORT, NJ US","2020-05-17","7.38"," 1127","0.00",,,"68","55","  190","  200","15.0","21.9",,,,
"USW00094741","TETERBORO AIRPORT, NJ US","2020-05-18","6.93"," 1206","0.00",,,"69","55","   80","   80","15.0","19.0",,,,
"USW00094741","TETERBORO AIRPORT, NJ US","2020-05-19","10.51"," 1038","0.00",,,"67","53","  100","  110","23.0","36.0",,,,
"USW00094741","TETERBORO AIRPORT, NJ US","2020-05-20","7.61"," 0822","0.00",,,"65","48","   90","   50","15.0","21.9",,,,
"USW00094741","TETERBORO AIRPORT, NJ US","2020-05-21","4.70"," 1641","0.00",,,"68","42","  210","  150","15.0","19.0",,,,
"USW00094741","TETERBORO AIRPORT, NJ US","2020-05-22","4.92"," 1103","0.02",,,"77","51","  220","  210","17.0","21.9",,,,
"USW00094741","TETERBORO AIRPORT, NJ US","2020-05-23","6.04"," 1537","0.78",,,"69","57","   90","  100","16.1","23.9",,,,
"USW00094741","TETERBORO AIRPORT, NJ US","2020-05-24","6.93"," 0628","0.00",,,"69","51","   40","   10","15.0","23.0",,,,
"USW00094741","TETERBORO AIRPORT, NJ US","2020-05-25","4.47"," 1646","0.00",,,"73","56","  140","  110","10.1","14.1",,,,
"USW00094741","TETERBORO AIRPORT, NJ US","2020-05-26","4.47"," 1432","0.00",,,"78","58","  190","  190","13.0","18.1",,,,
"USW00094741","TETERBORO AIRPORT, NJ US","2020-05-27","6.49"," 1429","0.00",,,"80","60","  200","  180","15.0","19.0",,,,
"USW00094741","TETERBORO AIRPORT, NJ US","2020-05-28","8.50"," 1346","0.00",,,"78","63","  180","  170","21.0","27.1",,,,
"USW00094741","TETERBORO AIRPORT, NJ US","2020-05-29","7.83"," 1835","0.53",,,"82","68","  270","  260","21.0","25.1","    1","    1",,
"USW00094741","TETERBORO AIRPORT, NJ US","2020-05-30","8.50"," 2239","0.03",,,"82","66","  340","  330","16.1","23.0",,,,
"USW00094741","TETERBORO AIRPORT, NJ US","2020-05-31","12.30"," 1617","0.00",,,"70","54","  310","  310","21.0","29.1",,,,
"USW00094741","TETERBORO AIRPORT, NJ US","2020-06-01","6.71"," 1546","0.00",,,"72","47","  270","  350","19.9","32.0",,,,
"USW00094741","TETERBORO AIRPORT, NJ US","2020-06-02","5.82"," 1347","0.01",,,"74","51","  220","  230","17.0","21.9",,,,
"USW00094741","TETERBORO AIRPORT, NJ US","2020-06-03","7.83"," 1948","0.38",,,"82","59","  350","  360","19.9","30.0",,,,
"USW00094741","TETERBORO AIRPORT, NJ US","2020-06-04","4.47"," 2325","0.23",,,"86","62","  280","  320","13.0","18.1",,,,
"USW00094741","TETERBORO AIRPORT, NJ US","2020-06-05","5.14"," 0918","1.33",,,"78","69","  200","  250","12.1","15.0",,,,
"USW00094741","TETERBORO AIRPORT, NJ US","2020-06-06","7.83"," 1733","0.18",,,"88","68","  320","  330","23.0","33.1",,,,
"USW00094741","TETERBORO AIRPORT, NJ US","2020-06-07","9.62"," 1218","0.00",,,"77","62","  330","  360","21.0","27.1",,,,
"USW00094741","TETERBORO AIRPORT, NJ US","2020-06-08","6.49"," 1613","0.00",,,"80","56","  300","  300","14.1","19.9",,,,
"USW00094741","TETERBORO AIRPORT, NJ US","2020-06-09","6.26"," 1536","0.00",,,"89","60","  230","  230","19.9","23.9",,,,
"USW00094741","TETERBORO AIRPORT, NJ US","2020-06-10","8.28"," 1509","0.00",,,"86","69","  130","  160","17.0","25.1",,,,
"USW00094741","TETERBORO AIRPORT, NJ US","2020-06-11","10.29"," 0909","0.10",,,"84","72","  210","  210","19.9","25.9",,,,
"USW00094741","TETERBORO AIRPORT, NJ US","2020-06-12","6.04"," 0837","0.00",,,"84","67","  320","  330","16.1","21.0",,,,
"USW00094741","TETERBORO AIRPORT, NJ US","2020-06-13","8.72"," 2258","0.00",,,"74","57","   20","   20","17.0","23.9",,,,
"USW00094741","TETERBORO AIRPORT, NJ US","2020-06-14","5.14"," 1655","0.00",,,"74","52","  160","  160","14.1","18.1",,,,
"USW00094741","TETERBORO AIRPORT, NJ US","2020-06-15","4.92"," 1232","0.00",,,"76","54","  110","  120","14.1","18.1",,,,
"USW00094741","TETERBORO AIRPORT, NJ US","2020-06-16","5.37"," 1031","0.00",,,"78","56","  100","  100","16.1","21.0",,,,
"USW00094741","TETERBORO AIRPORT, NJ US","2020-06-17","6.93"," 1037","0.00",,,"78","59","  110","  110","16.1","21.9",,,,
"USW00094741","TETERBORO AIRPORT, NJ US","2020-06-18","6.26"," 1434","0.00",,,"78","65","  160","  140","13.0","19.9",,,,
"USW00094741","TETERBORO AIRPORT, NJ US","2020-06-19","5.82"," 1428","0.00",,,"84","65","  190","  120","15.0","28.0","    1",,,"    1"
"USW00094741","TETERBORO AIRPORT, NJ US","2020-06-20","4.25"," 1408","0.00",,,"87","67","  190","  200","16.1","21.9",,,,
"USW00094741","TETERBORO AIRPORT, NJ US","2020-06-21","4.92"," 1810","0.00",,,"88","66","  180","  190","14.1","19.9",,,,
"USW00094741","TETERBORO AIRPORT, NJ US","2020-06-22","6.71"," 1358","0.00",,,"91","70","  210","  180","16.1","21.0",,,,
"USW00094741","TETERBORO AIRPORT, NJ US","2020-06-23","6.93"," 1432","0.00",,,"87","71","  150","  140","16.1","23.9",,,,
"USW00094741","TETERBORO AIRPORT, NJ US","2020-06-24","9.40"," 1755","0.00",,,"86","72","  270","  300","18.1","25.1",,,,
"USW00094741","TETERBORO AIRPORT, NJ US","2020-06-25","5.82"," 1737","0.00",,,"86","69","  190","  190","17.0","21.9",,,,
"USW00094741","TETERBORO AIRPORT, NJ US","2020-06-26","5.82"," 1630","0.00",,,"88","65","  260","  260","16.1","21.0",,,,
"USW00094741","TETERBORO AIRPORT, NJ US","2020-06-27","4.92"," 1309","0.14",,,"81","65","  220","  220","21.9","27.1",,,,
"USW00094741","TETERBORO AIRPORT, NJ US","2020-06-28","3.80"," 1733","0.14",,,"91","69","  340","  350","17.0","25.1",,,,
"USW00094741","TETERBORO AIRPORT, NJ US","2020-06-29","5.82"," 1706","0.00",,,"89","68","   40","  360","21.0","30.0",,,,
"USW00094741","TETERBORO AIRPORT, NJ US","2020-06-30","4.92"," 0819","0.00",,,"79","65","  100","  350","12.1","16.1",,,,
"USW00094741","TETERBORO AIRPORT, NJ US","2020-07-01","4.70"," 1145","0.11",,,"80","67","  210","  210","18.1","21.9",,,,
"USW00094741","TETERBORO AIRPORT, NJ US","2020-07-02","4.92"," 1451","0.00",,,"94","66","  320","  330","16.1","21.9",,,,
"USW00094741","TETERBORO AIRPORT, NJ US","2020-07-03","4.70"," 1550","0.02",,,"93","71","   40","   70","16.1","25.9",,,,
"USW00094741","TETERBORO AIRPORT, NJ US","2020-07-04","6.04"," 1346","0.00",,,"89","68","  190","   50","15.0","21.0",,,,
"USW00094741","TETERBORO AIRPORT, NJ US","2020-07-05","4.70"," 1529","0.00",,,"94","71","  280","  300","15.0","19.9",,,,
"USW00094741","TETERBORO AIRPORT, NJ US","2020-07-06","3.58"," 1454","2.89",,,"94","69","  130","  140","28.0","42.9",,,,"    1"
"USW00094741","TETERBORO AIRPORT, NJ US","2020-07-07","6.93"," 1539","0.00",,,"82","71","  160","  150","14.1","17.0",,,,
"USW00094741","TETERBORO AIRPORT, NJ US","2020-07-08","5.59"," 1148","0.02",,,"86","75","  190","  200","14.1","18.1",,,,
"USW00094741","TETERBORO AIRPORT, NJ US","2020-07-09","4.92"," 1244","0.00",,,"89","73","  160","  170","13.0","19.0",,,,
"USW00094741","TETERBORO AIRPORT, NJ US","2020-07-10","10.07"," 1748","2.87",,,"78","73","  100","  110","21.9","31.1",,,,
"USW00094741","TETERBORO AIRPORT, NJ US","2020-07-11","8.50"," 0013","0.61",,,"86","72","  210","  190","21.9","29.1",,,,
"USW00094741","TETERBORO AIRPORT, NJ US","2020-07-12","8.95"," 1444","0.00",,,"89","71","  240","  230","18.1","23.0",,,,
"USW00094741","TETERBORO AIRPORT, NJ US","2020-07-13","6.26"," 1516","0.04",,,"87","70","  310","  270","16.1","21.9",,,,
"USW00094741","TETERBORO AIRPORT, NJ US","2020-07-14","7.16"," 1222","0.00",,,"86","68","  320","  320","17.0","28.0",,,,
"USW00094741","TETERBORO AIRPORT, NJ US","2020-07-15","6.71"," 1605","0.00",,,"82","70","  190","  190","13.0","17.0",,,,
"USW00094741","TETERBORO AIRPORT, NJ US","2020-07-16","8.05"," 1622","0.00",,,"78","69","  150","  130","16.1","30.0",,,,
"USW00094741","TETERBORO AIRPORT, NJ US","2020-07-17","6.49"," 1022","0.01",,,"87","69","  210","  190","13.0","17.0",,,,
"USW00094741","TETERBORO AIRPORT, NJ US","2020-07-18","2.91"," 1447","0.00",,,"92","69","  290","  290","13.0","16.1",,,,
"USW00094741","TETERBORO AIRPORT, NJ US","2020-07-19","8.72"," 1329","0.00",,,"96","74","  220","  220","19.9","25.9",,,,
"USW00094741","TETERBORO AIRPORT, NJ US","2020-07-20","7.38"," 1321","0.00",,,"94","80","  280","  280","16.1","23.0",,,,
"USW00094741","TETERBORO AIRPORT, NJ US","2020-07-21","4.70"," 1306","0.00",,,"93","75","  240","  250","15.0","19.9",,,,
"USW00094741","TETERBORO AIRPORT, NJ US","2020-07-22","4.47"," 1801","0.23",,,"93","73","  250","  230","35.1","47.0",,,,
"USW00094741","TETERBORO AIRPORT, NJ US","2020-07-23","8.05"," 1449","0.00",,,"90","72","  210","  220","16.1","21.0",,,,
"USW00094741","TETERBORO AIRPORT, NJ US","2020-07-24","4.70"," 0200","0.07",,,"81","74","  210","  210","15.0","18.1",,,,
"USW00094741","TETERBORO AIRPORT, NJ US","2020-07-25","5.59"," 1658","0.00",,,"90","69","  190","  190","15.0","19.0","    1",,,
"USW00094741","TETERBORO AIRPORT, NJ US","2020-07-26","7.61"," 1356","0.00",,,"93","76","  260","  240","21.0","29.1",,,,
"USW00094741","TETERBORO AIRPORT, NJ US","2020-07-27","8.50"," 1600","0.00",,,"95","73","  240","  230","21.9","29.1",,,,
"USW00094741","TETERBORO AIRPORT, NJ US","2020-07-28","6.04"," 1439","0.15",,,"94","78","  290","  280","23.9","33.1",,,,
"USW00094741","TETERBORO AIRPORT, NJ US","2020-07-29","4.25"," 1640","0.00",,,"91","72","  210","  200","15.0","19.0",,,,
"USW00094741","TETERBORO AIRPORT, NJ US","2020-07-30","4.47"," 1307","0.00",,,"94","71","  220","  280","17.0","23.0",,,,
"USW00094741","TETERBORO AIRPORT, NJ US","2020-07-31","3.58"," 0216","0.25",,,"85","71","   40","   40","13.0","16.1",,,,
"USW00094741","TETERBORO AIRPORT, NJ US","2020-08-01","6.26"," 1427","0.00",,,"90","66","  200","  180","15.0","19.9",,,,
"USW00094741","TETERBORO AIRPORT, NJ US","2020-08-02","10.74"," 1706","0.00",,,"91","77","  170","  180","18.1","25.1",,,,
"USW00094741","TETERBORO AIRPORT, NJ US","2020-08-03","7.38"," 2006","0.20",,,"90","72","  200","  190","25.9","34.0",,,,
"USW00094741","TETERBORO AIRPORT, NJ US","2020-08-04","11.18"," 1213","1.25",,,"81","71","  140","  150","40.0","55.9",,,,
"USW00094741","TETERBORO AIRPORT, NJ US","2020-08-05","5.59"," 1508","0.00",,,"88","69","  260","  250","19.9","25.1",,,,
"USW00094741","TETERBORO AIRPORT, NJ US","2020-08-06","4.03"," 1625","0.00",,,"82","66","  210","  220","14.1","17.0",,,,
"USW00094741","TETERBORO AIRPORT, NJ US","2020-08-07","4.92"," 1210","0.28",,,"80","68","  100","  110","14.1","18.1",,,,
"USW00094741","TETERBORO AIRPORT, NJ US","2020-08-08","4.25"," 1554","0.00",,,"85","67","  140","  140","14.1","17.0",,,,
"USW00094741","TETERBORO AIRPORT, NJ US","2020-08-09","5.59"," 1311","0.00",,,"89","70","  180","  220","14.1","19.0",,,,
"USW00094741","TETERBORO AIRPORT, NJ US","2020-08-10","5.37"," 1501","0.00",,,"92","73","  220","  200","14.1","17.0","    1",,,"    1"
"USW00094741","TETERBORO AIRPORT, NJ US","2020-08-11","7.38"," 1456","0.00",,,"89","75","  190","  180","23.0","28.0",,,,
"USW00094741","TETERBORO AIRPORT, NJ US","2020-08-12","4.03"," 1459","0.20",,,"92","75","  110","  110","25.1","36.0",,,,
"USW00094741","TETERBORO AIRPORT, NJ US","2020-08-13","4.03"," 0930","0.20",,,"80","72","  100","  100","12.1","14.1",,,,
"USW00094741","TETERBORO AIRPORT, NJ US","2020-08-14","6.04"," 1238","0.00",,,"88","72","  110","  120","15.0","21.0",,,,
"USW00094741","TETERBORO AIRPORT, NJ US","2020-08-15","8.50"," 1657","0.00",,,"85","66","  110","  110","16.1","21.9",,,,
"USW00094741","TETERBORO AIRPORT, NJ US","2020-08-16","7.16"," 1634","0.25",,,"71","67","   20","   20","14.1","19.9",,,,
"USW00094741","TETERBORO AIRPORT, NJ US","2020-08-17","4.03"," 1853","1.04",,,"83","62","  320","  310","17.0","25.1",,,,
"USW00094741","TETERBORO AIRPORT, NJ US","2020-08-18","4.92"," 0147","0.15",,,"84","62","  320","  310","19.9","25.9",,,,
"USW00094741","TETERBORO AIRPORT, NJ US","2020-08-19","3.13"," 0500","0.11",,,"76","65","  270","  280","12.1","15.0",,,,
"USW00094741","TETERBORO AIRPORT, NJ US","2020-08-20","3.13"," 1547","0.00",,,"81","59","  290","  280","10.1","14.1",,,,
"USW00094741","TETERBORO AIRPORT, NJ US","2020-08-21","7.38"," 1534","0.00",,,"86","65","  240","  230","15.0","21.0",,,,
"USW00094741","TETERBORO AIRPORT, NJ US","2020-08-22","6.49"," 1248","0.00",,,"89","72","  240","  240","17.0","23.0",,,,
"USW00094741","TETERBORO AIRPORT, NJ US","2020-08-23","4.70"," 1151","0.00",,,"87","70","  170","  180","14.1","21.0",,,,
"USW00094741","TETERBORO AIRPORT, NJ US","2020-08-24","6.04"," 1501","0.00",,,"92","73","  270","  240","14.1","21.9",,,,
"USW00094741","TETERBORO AIRPORT, NJ US","2020-08-25","6.93"," 1700","0.29",,,"90","71","  360","   10","28.0","42.1",,,,
"USW00094741","TETERBORO AIRPORT, NJ US","2020-08-26","8.50"," 1311","0.00",,,"78","64","  310","  310","21.9","28.0",,,,
"USW00094741","TETERBORO AIRPORT, NJ US","2020-08-27","7.61"," 1227","0.45",,,"92","66","  360","  230","25.1","34.0",,,,
"USW00094741","TETERBORO AIRPORT, NJ US","2020-08-28","6.93"," 1653","0.03",,,"87","68","  200","  240","15.0","19.0",,,,
"USW00094741","TETERBORO AIRPORT, NJ US","2020-08-29","7.83"," 1709","0.08",,,"83","71","  340","  310","15.0","23.9",,,,
"USW00094741","TETERBORO AIRPORT, NJ US","2020-08-30","10.29"," 1227","0.00",,,"80","63","  320","  300","19.9","29.1",,,,
"USW00094741","TETERBORO AIRPORT, NJ US","2020-08-31","4.03"," 1333","0.00",,,"76","58","  170","  170","12.1","17.0",,,,
"USW00094741","TETERBORO AIRPORT, NJ US","2020-09-01","6.49"," 1337","0.14",,,"79","65","  130","  140","13.0","19.9",,,,
"USW00094741","TETERBORO AIRPORT, NJ US","2020-09-02","5.82"," 1106","0.17",,,"81","68","  210","  190","13.0","23.9",,,,
"USW00094741","TETERBORO AIRPORT, NJ US","2020-09-03","4.25"," 0449","0.14",,,"87","70","  240","  340","13.0","17.0",,,,
"USW00094741","TETERBORO AIRPORT, NJ US","2020-09-04","5.82"," 1529","0.00",,,"85","66","  310","  320","16.1","21.0",,,,
"USW00094741","TETERBORO AIRPORT, NJ US","2020-09-05","4.70"," 1353","0.00",,,"80","61","  320","  330","14.1","19.0",,,,
"USW00094741","TETERBORO AIRPORT, NJ US","2020-09-06","4.92"," 1501","0.00",,,"83","59","  180","  190","16.1","29.1",,,,
"USW00094741","TETERBORO AIRPORT, NJ US","2020-09-07","5.14"," 1720","0.00",,,"81","61","  190","  160","16.1","23.9",,,,
"USW00094741","TETERBORO AIRPORT, NJ US","2020-09-08","2.91"," 1525","0.00",,,"84","63","  180","  180","14.1","21.0",,,,
"USW00094741","TETERBORO AIRPORT, NJ US","2020-09-09","2.68"," 1658","0.00",,,"84","65","  130","  130","13.0","23.0",,,,
"USW00094741","TETERBORO AIRPORT, NJ US","2020-09-10","4.70"," 1531","0.47",,,"85","73","  160","  150","12.1","19.9",,,,
"USW00094741","TETERBORO AIRPORT, NJ US","2020-09-11","7.16"," 1027","0.00",,,"77","63","  360","   10","15.0","21.9","    1",,,
